3cbd0d6a-8ae8-4564-a208-085887ad3c46,Teddie,Fitkin,tfitkin0@360.cn,643498132,INFORMATICA,5
9043614b-ca47-47a4-8ff2-adf0a51ce16d,Manya,Dulake,mdulake1@accuweather.com,649740792,FONTANERIA,5
bb7ff385-24aa-4cc4-b016-c88bb53bb53f,Shandie,Carruth,scarruth2@umn.edu,689001074,PINTURA,4
355c4ef7-5dca-4638-9207-d569e463dad9,Rutter,Spillane,rspillane3@globo.com,657191661,CARPINTERIA,2
0c066cc2-fd6a-4afc-93c4-ae8f08c9c079,Ashlin,Twinning,atwinning4@reddit.com,695397869,PINTURA,3
1c19d830-c04e-4378-b410-762dbfa0c31b,Mathilda,Burnall,mburnall5@imdb.com,687740258,INFORMATICA,3
2c93a68e-8943-465c-9ae5-3a39dbd2fb61,Carver,Thynn,cthynn6@ehow.com,617041849,ALBANILERIA,4
986a88d5-0c5d-4a1c-a027-dea1b623bc3b,Norton,Spight,nspight7@jalbum.net,681721418,PINTURA,3
665da7f6-769c-4b33-840d-21cd6f6a3d60,Abram,Maciaszczyk,amaciaszczyk8@skyrock.com,608465032,CARPINTERIA,2
b98511c1-b32a-426a-9fbb-02653dcc93ae,Kendall,Robbey,krobbey9@imgur.com,696792682,CARPINTERIA,4
e3f6a596-85c3-4323-a91f-6d280d7748d8,Haydon,Skayman,hskaymana@bizjournals.com,686558674,FONTANERIA,5
91d74f70-4d95-4ab1-9074-7e32f78ef613,Laina,Greir,lgreirb@microsoft.com,663611611,ALBANILERIA,5
db42e730-fde9-4f0a-b190-b3f18c3dbc04,Cynthy,Grass,cgrassc@slideshare.net,673821581,ALBANILERIA,4
272a06d5-0644-403d-8ddb-faac41742967,Niall,Bronger,nbrongerd@cyberchimps.com,667871403,CARPINTERIA,5
432ba4dd-2d2b-4a04-8e52-6f4c03fd53fc,Edithe,Le Conte,elecontee@salon.com,627967382,FONTANERIA,3
60c809ac-b3da-46b9-85df-9648e2a435e1,Jonas,Facher,jfacherf@nhs.uk,654157739,ALBANILERIA,5
80332135-1c9a-4339-a0bd-78b5b2b583b3,Barnaby,Knighton,bknightong@ocn.ne.jp,671647700,PINTURA,2
8c9d00f3-f60a-4c29-b40d-3589d7af1081,Stephanus,Cope,scopeh@patch.com,604311273,PINTURA,4
486af5cf-b5b7-49ce-a3c9-c90a1832b833,Deloria,Hunday,dhundayi@ycombinator.com,614806397,PINTURA,4
19fb1432-c4dc-406b-9691-fccf812024b8,Joanna,French,jfrenchj@youku.com,690366481,CARPINTERIA,3
d1604446-e102-4d7b-9705-a8e49e0b454f,Giffard,Tunney,gtunneyk@histats.com,626205396,ALBANILERIA,2
1543f30a-2ef7-4c11-bdbe-46692afe75d3,Fletcher,Corneck,fcorneckl@booking.com,630992738,FONTANERIA,1
96023dab-5b1c-4572-ab4d-54ab13b72c98,Walsh,Stace,wstacem@ucoz.ru,664147864,FONTANERIA,1
fedf0a23-c02c-41d9-b59f-e7fb5d44f65a,Lambert,Emmatt,lemmattn@techcrunch.com,691831383,PINTURA,4
c6cb35ad-e543-4d10-bc00-1a5db6e43af9,Clement,Kelsall,ckelsallo@squarespace.com,672179012,FONTANERIA,1
565ec434-2f8f-4304-9cbb-a3d8a2abea9e,Daryle,Struttman,dstruttmanp@sbwire.com,646605229,FONTANERIA,4
75df591d-7f79-43e6-b4e3-fb0a9d9cf91f,Ellynn,Longfut,elongfutq@typepad.com,661185719,FONTANERIA,5
4011ea47-ee7e-493f-85b4-2bae60398944,Phillipe,Castellani,pcastellanir@pcworld.com,695712999,CARPINTERIA,1
3f3933f4-9a12-4692-a67c-a41b4bfe2737,Temple,Meffen,tmeffens@dot.gov,678336178,PINTURA,2
35ba3588-6027-4d30-babb-6ae897654892,Latrina,Downe,ldownet@wikimedia.org,625700738,FONTANERIA,3
a339ef82-dfe1-4938-9be3-5c9f57e35709,Dino,Gallaccio,dgallacciou@wix.com,654538045,FONTANERIA,4
1c5c9fdd-d5f0-4b29-b8bc-ef25c9e62e5d,Aurore,Vasyatkin,avasyatkinv@europa.eu,607100770,INFORMATICA,3
0fe2c4c9-c874-4004-aea6-e40f0f598912,Hollyanne,Gout,hgoutw@geocities.jp,657398773,FONTANERIA,2
9def7a50-6c3e-449e-a171-cb1a890c138e,Dieter,Parres,dparresx@dagondesign.com,652600347,ALBANILERIA,1
b437b476-2466-4d5f-af07-d3a6aaffde32,Sibyl,Myrtle,smyrtley@mlb.com,693550930,INFORMATICA,2
75099b57-0136-4a70-b630-2ece4979989d,Ardyce,Madre,amadrez@furl.net,650625359,PINTURA,3
ed7c5ac8-45a1-4e89-a6d9-ee0f93ee352c,Elena,Bluck,ebluck10@themeforest.net,670003036,PINTURA,5
b8c10c02-9ab4-40f4-a625-6051543284a2,Dunstan,Caseley,dcaseley11@huffingtonpost.com,692583654,INFORMATICA,3
722d4611-d95f-4bc4-996c-8ab1dad9bed7,Percy,Frill,pfrill12@japanpost.jp,647244249,ALBANILERIA,3
7adc2790-4645-439f-9bd1-39c14402e0c3,Jeremias,Dwire,jdwire13@nifty.com,607816427,PINTURA,3
2f6a46f6-7ae0-497b-a4e8-1abc0dfb7c30,Lizzie,O'Loughane,loloughane14@dyndns.org,659394674,CARPINTERIA,4
570bac09-77ae-442e-8e34-fc93ed54d483,Alfi,Gergler,agergler15@1688.com,670982229,INFORMATICA,2
99c34697-de1c-4965-8d53-57129b5388fd,Susanna,Fessions,sfessions16@ed.gov,689717346,INFORMATICA,5
186cdfbe-46ad-43fa-99be-513652269255,Gilligan,Gillise,ggillise17@scribd.com,618757973,ALBANILERIA,2
734efe00-b73e-4851-9df0-f6fe1341e021,Libby,Undy,lundy18@merriam-webster.com,623686645,FONTANERIA,1
004fa167-111d-4f31-b44e-70073260db53,Homere,Creboe,hcreboe19@answers.com,624585826,ALBANILERIA,1
8be67705-3477-4428-9040-5e4c6f8945bb,Della,Mariette,dmariette1a@imgur.com,652747662,PINTURA,1
c9439368-4926-4a61-8937-6daaaf6e9daf,Betta,Dibbs,bdibbs1b@mozilla.com,618812905,FONTANERIA,1
d3cd7746-5306-4772-b080-edefbb890ac6,Ellene,Itzkov,eitzkov1c@ox.ac.uk,643718896,FONTANERIA,1
7adb54e6-a3ab-447e-9098-4ed0488e5afd,Melvyn,Hartmann,mhartmann1d@twitter.com,671209536,INFORMATICA,1
dbc3dd45-584d-40fc-be6e-09eec63f93b9,Esme,Dwelly,edwelly1e@freewebs.com,637449901,CARPINTERIA,2
cb0ad42b-ffd3-47a1-86d0-ab4f6f2afe48,Roldan,Kilfeather,rkilfeather1f@prweb.com,603479840,ALBANILERIA,5
8acca543-c1bb-4bc7-b517-e96794e60720,Ronny,Tanser,rtanser1g@jugem.jp,659507870,FONTANERIA,3
3ee9a7e0-cad6-4e1c-8d49-9858de374e30,Ulick,Norheny,unorheny1h@independent.co.uk,619055513,ALBANILERIA,4
5145daa2-1a5c-4f22-9332-ad8f451e8724,Corly,Quittonden,cquittonden1i@t.co,698770644,INFORMATICA,2
5b4d356d-c011-4599-ae1c-94cd90a67221,Giffard,Walaron,gwalaron1j@acquirethisname.com,635558621,CARPINTERIA,5
98df32ed-f488-4a83-866a-e821272df08b,Luis,Phelp,lphelp1k@upenn.edu,671134260,INFORMATICA,4
5850f63a-5452-4076-9455-6753d8bf98e7,Dame,Nelane,dnelane1l@latimes.com,607731113,FONTANERIA,4
8ae4b1f4-071e-4d29-941d-e4e9071f6eed,Trix,Swarbrigg,tswarbrigg1m@opera.com,663172215,INFORMATICA,1
1a5c6f9e-a907-42ab-9031-a95474e852b1,Brittaney,Glide,bglide1n@github.io,603825271,FONTANERIA,5
b6c1a60e-ca09-4a19-b065-b28a18ddad26,Guenevere,Brennon,gbrennon1o@eepurl.com,606758790,PINTURA,3
e834637c-de3f-4826-9040-9113503ff41e,Nissa,Kield,nkield1p@w3.org,618894180,INFORMATICA,3
c5e5effd-3187-4491-a655-12726bf69e50,Daryl,Dumphreys,ddumphreys1q@rakuten.co.jp,670701937,CARPINTERIA,5
01d5ed40-4cbc-4310-ba41-ac43e640100b,Winfred,Stewart,wstewart1r@cloudflare.com,616782149,FONTANERIA,2
0eca8fd1-c534-491a-aacd-32dc43f66f30,Cully,Fransewich,cfransewich1s@earthlink.net,699202682,PINTURA,5
50f3ab0f-f056-40f9-b1c8-a1af67fecafb,Leonhard,Webburn,lwebburn1t@earthlink.net,672884497,INFORMATICA,3
07824e6b-593e-4953-9a6d-06b90782f6ea,Thorndike,Bogges,tbogges1u@liveinternet.ru,629009736,FONTANERIA,1
345f03f0-e8c3-4583-9538-6f0fd4a58855,Alberik,Honnicott,ahonnicott1v@blinklist.com,643343637,CARPINTERIA,5
54648d47-99e6-4c6b-a755-3c6104cf80b8,Justino,Vollam,jvollam1w@stanford.edu,601274286,ALBANILERIA,4
1784cf08-3c65-47dc-b018-d641415dd940,Berny,Jimson,bjimson1x@twitter.com,665967785,ALBANILERIA,1
8c7b8a95-4b9c-4e2f-9ae4-aae0513669a0,Elia,Newart,enewart1y@behance.net,605936194,PINTURA,4
8912afd2-dd43-4c2a-b4c2-85e069ba9e2c,Timothea,Strut,tstrut1z@bloomberg.com,608608845,CARPINTERIA,4
d7b84817-a39e-4da6-b9f5-e354fe3a2785,Jay,Joselevitz,jjoselevitz20@xrea.com,643134011,INFORMATICA,4
96955bb9-4c53-473e-b53b-43b0e7aa62ff,Hetti,Antonovic,hantonovic21@squarespace.com,692704430,PINTURA,4
a5b8c825-7ffd-4072-a69a-774da5cdeaf6,Chan,Kimblin,ckimblin22@opensource.org,664087109,CARPINTERIA,4
a69512bf-58f9-4ef5-9b5e-2a55cb82a375,Bern,Cayet,bcayet23@narod.ru,657227716,PINTURA,3
a710e5c0-94b2-41f6-a182-f0e4d87e8811,Cary,Mather,cmather24@nyu.edu,629930174,PINTURA,2
209fa94c-7917-4bd1-9e71-1e440ba316cc,Noll,Blasiak,nblasiak25@deliciousdays.com,672699122,INFORMATICA,3
11e56404-9e5c-4b9a-8db8-7e01c43e2c10,Camile,Flott,cflott26@simplemachines.org,617341856,PINTURA,3
908d0d05-85d4-431f-b205-082f001b69e2,Ozzy,Maguire,omaguire27@simplemachines.org,655667863,CARPINTERIA,4
69940964-fb6b-4f1d-ad79-e1195978bc61,Devora,Bolwell,dbolwell28@ft.com,661188406,CARPINTERIA,2
4f6a5437-3639-4fe1-852f-5a61e8bf0e8c,Shirlee,Farloe,sfarloe29@tmall.com,648481535,PINTURA,1
8e6e027c-fe1b-4c62-81fd-d2fe42d59101,Garland,Vain,gvain2a@marketwatch.com,634796053,INFORMATICA,1
7634a163-f445-4793-9513-a0c0cf9778f4,Ian,Seyers,iseyers2b@imageshack.us,633022852,FONTANERIA,2
363cdd21-6dc9-4e28-95bb-fb69e8f92c28,Rahel,Coumbe,rcoumbe2c@upenn.edu,663290039,FONTANERIA,4
b2eb57f5-3071-4e56-b8ca-0e7708938b5c,Zack,Toffel,ztoffel2d@studiopress.com,694248169,ALBANILERIA,3
f83f601b-b1c4-4cc0-8477-fd6416497169,Antonina,Brannan,abrannan2e@purevolume.com,646560274,FONTANERIA,2
6c2b4f99-ba32-4c78-9632-d032ade7f545,Joye,Goggin,jgoggin2f@privacy.gov.au,621198611,PINTURA,3
1454b3a3-37ef-43ec-8bfd-09812442063b,Deloria,Bole,dbole2g@spotify.com,625622533,FONTANERIA,4
2956c679-595b-4c2e-a664-ee5bd69a58d8,Marlin,Lowden,mlowden2h@ow.ly,677141117,INFORMATICA,3
b9f5f369-d2ef-42f4-9f9f-ea255e460fcd,Fernandina,Yuryatin,fyuryatin2i@bbc.co.uk,637954407,ALBANILERIA,5
34073c12-954a-4226-9e9a-1b379c3fd65f,Jeremy,Culpin,jculpin2j@phpbb.com,686646028,INFORMATICA,4
e27445b5-b451-4521-99ba-6fc61ae42baa,Millicent,Pancast,mpancast2k@alexa.com,667684717,ALBANILERIA,2
6b3c8185-05b4-4231-a762-8850bca2c032,Bartholomew,Akehurst,bakehurst2l@php.net,653093969,INFORMATICA,4
8b969bb9-1e04-4b23-93c6-e9b479b511ea,Laraine,Trafford,ltrafford2m@phpbb.com,645995480,PINTURA,2
720b0caf-7e8d-4227-9159-9938b4e10826,Tobin,Caslane,tcaslane2n@vistaprint.com,694584127,CARPINTERIA,3
73b935ea-7900-4818-8720-128d17aef4a3,Mariann,Steinson,msteinson2o@google.nl,626207667,ALBANILERIA,3
6638d3fb-80b2-43b8-9f31-512e468cbd67,Menard,Senecaux,msenecaux2p@mapy.cz,622647919,FONTANERIA,1
0534d645-0a74-4273-a490-82d2361572bd,Edna,Dandy,edandy2q@jalbum.net,682541450,PINTURA,5
3854a1ff-c07c-44fa-b9b0-290ee277cdaa,Rosella,Mole,rmole2r@hubpages.com,644891606,ALBANILERIA,1
f63c4b4b-fae3-4547-8353-43d38f6ed598,Melinde,Janes,mjanes2s@behance.net,619324773,FONTANERIA,3
068b5e68-994a-43d3-bc38-ba994c6ac512,Inge,Larn,ilarn2t@sina.com.cn,699664380,FONTANERIA,1
2f6e5ee5-5c9a-4eae-8c41-edd078f1ab72,Bradford,Waterstone,bwaterstone2u@dropbox.com,613346266,PINTURA,2
c46f7b96-728a-4246-a066-164da36a9ec3,Jaymee,Olesen,jolesen2v@com.com,656025666,FONTANERIA,4
839ed32f-4875-4444-863c-3f44bb01c551,Benoit,Fosher,bfosher2w@seesaa.net,656623539,INFORMATICA,3
e1566ee8-f3a8-40ac-afe3-35d6a252e187,Frank,Szymonowicz,fszymonowicz2x@microsoft.com,651604053,FONTANERIA,2
c37a52f9-6955-45ec-a979-f88736b6596a,Tony,O'Donohue,todonohue2y@cdc.gov,661847441,INFORMATICA,3
43228799-3f3d-47df-af88-96470519466d,Rahel,Reasun,rreasun2z@exblog.jp,605923769,CARPINTERIA,1
647df5e1-e0e8-4b29-b3f0-b34e4fc64dd1,Flor,Franzke,ffranzke30@umn.edu,606097494,ALBANILERIA,1
896ca897-d07d-479f-9a74-fd4d02018da7,Joseph,Noah,jnoah31@usa.gov,699752523,FONTANERIA,5
33f39d57-fc7c-4d51-93fc-fdd278f99b67,Natalya,Acey,nacey32@smugmug.com,621323369,CARPINTERIA,2
bc828178-944e-4050-9793-1aa9814a010b,Coral,Ness,cness33@exblog.jp,681439601,INFORMATICA,4
a50b36d4-b64c-48af-b851-972200bbfae8,Elaina,Garatty,egaratty34@sina.com.cn,695627997,INFORMATICA,5
eb32a1a3-4d48-45ec-8b8f-0650e9203664,Hubie,Borzoni,hborzoni35@usa.gov,680504730,PINTURA,2
27709083-da33-4e1a-b0ed-5af12af262a1,Corenda,Matovic,cmatovic36@rambler.ru,611860149,INFORMATICA,2
c45bd30c-9d97-4cf2-a099-c974955290d0,Celeste,Ricciardi,cricciardi37@cnn.com,649201152,CARPINTERIA,5
b6cc6ec6-5e1b-451d-a318-1769578f430f,Christean,Davidoff,cdavidoff38@examiner.com,648512108,PINTURA,2
74cdab59-3136-4552-b06d-df3a1a8de60e,Aurora,Levitt,alevitt39@skyrock.com,626934807,ALBANILERIA,5
369c2dd3-e2fd-49ea-93ef-3ea498d7a8b1,Trumann,Spennock,tspennock3a@jimdo.com,623283712,ALBANILERIA,4
853779a5-6c28-408e-be90-f31290337a75,Timi,Salomon,tsalomon3b@miitbeian.gov.cn,675742905,CARPINTERIA,4
72a47767-34d8-40a9-810a-6590a883702e,Alis,Noades,anoades3c@dyndns.org,608325838,INFORMATICA,1
4850674c-f22b-463b-a9d1-de6114c4f56e,Marwin,Conisbee,mconisbee3d@tmall.com,681222926,INFORMATICA,3
07b4ba45-1859-45b3-85f4-e5af5ee5e978,Ellwood,Laviss,elaviss3e@amazon.com,689368869,CARPINTERIA,5
0ccb8b62-cf32-4885-bd6d-390b1130c8b9,Alma,Tewkesbury.,atewkesbury3f@si.edu,685752129,INFORMATICA,3
e9513157-c3a4-475c-87a2-2732c13c66d0,Morena,Dockrey,mdockrey3g@dagondesign.com,667626813,INFORMATICA,2
747042b4-a6b8-4b07-b9de-45dfe0db5dd2,Coraline,Henzley,chenzley3h@bloomberg.com,687417154,CARPINTERIA,2
e57b7415-d5fe-43b8-afbd-832f851de6e4,Rikki,Braunle,rbraunle3i@blogtalkradio.com,696615926,INFORMATICA,2
e4f9daba-6448-4ff0-9ba2-268a3a514a81,Rosana,Knappitt,rknappitt3j@bbc.co.uk,621850619,PINTURA,4
d1dc21a3-e2bf-44fc-9839-9d9961509e51,Michele,Minogue,mminogue3k@unc.edu,664272150,ALBANILERIA,1
fb083d4e-ec70-40a3-8932-b6591f108680,Avie,Bodill,abodill3l@free.fr,640308041,CARPINTERIA,5
bea26daa-fe24-460b-8cd7-67b7663c94a1,Jaimie,Boseley,jboseley3m@samsung.com,639604316,CARPINTERIA,4
4d4a27d3-e4ba-4a5e-b8f8-744b0877944a,Sandi,Randlesome,srandlesome3n@barnesandnoble.com,628124382,FONTANERIA,1
89f48410-9868-4c19-8fc9-de5df48ce422,Marleah,Ledster,mledster3o@delicious.com,688674977,PINTURA,4
35375391-235c-4082-8e2c-b6d9d804c6bf,Carlin,Lettsom,clettsom3p@mozilla.org,637993913,PINTURA,2
3321594c-8a05-4365-929c-5b257639bb23,Todd,Folk,tfolk3q@is.gd,677371826,FONTANERIA,1
8677bd47-02dd-445b-8ce1-7d15ba443a5e,Foss,Thaine,fthaine3r@google.cn,669486335,CARPINTERIA,5
2c97c0d5-fd3a-460b-b631-2c631d429b58,Elene,Middiff,emiddiff3s@yahoo.co.jp,634721248,PINTURA,5
cc5babd0-18fe-47e5-91a2-afdb418eb389,Steve,McOrkil,smcorkil3t@ifeng.com,643652540,INFORMATICA,4
21115464-1799-4f42-8727-d4b4896a9f6d,Barby,Burleigh,bburleigh3u@chicagotribune.com,679480028,ALBANILERIA,4
a2da60a5-7aa3-4b54-933b-55cc5f18e56b,Burch,Oldfield-Cherry,boldfieldcherry3v@free.fr,695811945,INFORMATICA,2
ecde64d8-cfba-421c-990d-2886ca2a911a,Izabel,Lebang,ilebang3w@sphinn.com,619033522,CARPINTERIA,5
ff376bbe-f2d6-4e35-9815-a51389b6faf6,Dre,Seldner,dseldner3x@slideshare.net,672494595,PINTURA,4
ca91bac4-dfe8-402f-93f7-4eaed9f8eff8,Janeen,Waddup,jwaddup3y@microsoft.com,677447160,CARPINTERIA,3
ce757845-d3ff-4e81-8ec5-3bff73504b31,Amity,Barhams,abarhams3z@barnesandnoble.com,691328502,CARPINTERIA,2
aad3ed80-6ef5-4515-9510-9488c4600fa2,Kacy,Poschel,kposchel40@comsenz.com,696265524,CARPINTERIA,3
af4059fb-d064-41d2-af12-cd93f55ccee6,Darrell,State,dstate41@mysql.com,607290347,INFORMATICA,1
527c1c24-c39d-4af1-903e-60eee648515b,Elissa,Chasle,echasle42@illinois.edu,624821473,FONTANERIA,5
a1264a44-3084-49a9-8478-211b9b068c86,Laverna,Filip,lfilip43@feedburner.com,616985828,FONTANERIA,4
69772ef0-5c58-4a6a-abd5-a08538ebbed9,Keefer,Paternoster,kpaternoster44@umich.edu,651469219,CARPINTERIA,3
70c9ce58-81a2-42e4-88eb-941c59190b70,Ransom,Rodolf,rrodolf45@salon.com,674706947,FONTANERIA,5
d2e2c6c8-24f6-41d2-bbb4-e2fed39e2ef6,Ambrosio,Rowcastle,arowcastle46@hhs.gov,609716224,ALBANILERIA,2
1077b2e4-e7d5-42c8-ae75-525507bdf186,Jessalyn,Elsmor,jelsmor47@nydailynews.com,668371113,INFORMATICA,4
ba488b46-8a2a-42a1-a08f-bef53f3f243f,Doroteya,Leppard,dleppard48@fema.gov,666417657,CARPINTERIA,2
7ca61622-ab3e-4d33-895e-f22f3e25e593,Natale,Gosdin,ngosdin49@earthlink.net,608034798,ALBANILERIA,5
b9e9dd6c-2421-4205-a77a-fa9193fe86db,Griffy,Cud,gcud4a@freewebs.com,644134972,FONTANERIA,2
5cccd0b5-41d1-4b0d-a16d-0d589cf1b1bc,Basia,McConigal,bmcconigal4b@sitemeter.com,643801500,PINTURA,4
7b9ee017-5e02-460e-99e3-9a40f0917fd5,Heloise,Murrells,hmurrells4c@vistaprint.com,650437069,PINTURA,4
3dd172dc-10df-4869-a5c2-d6909a150c4c,Lauri,Lorrain,llorrain4d@slashdot.org,689159561,PINTURA,5
c43d1ef2-dc07-4822-8ba0-0e9b9338d945,Haley,Duffin,hduffin4e@ameblo.jp,679437023,INFORMATICA,2
cb2d6b6e-7b67-43a1-8e9f-61a63563593e,Jessica,Treacy,jtreacy4f@boston.com,687129498,FONTANERIA,5
c09bb602-77c3-4bc8-910e-c73b3af3f622,Amber,Lacelett,alacelett4g@spotify.com,684892173,CARPINTERIA,3
437591d0-6931-4e1d-8edd-8d1638db880e,Nicky,Jantet,njantet4h@1688.com,615372535,PINTURA,5
ccf92ea6-448c-4595-954c-8e9e60d41b64,Porty,Everal,peveral4i@miibeian.gov.cn,600953797,FONTANERIA,5
31df2f4a-6a25-4228-a3a3-be7c2fcc5353,Eba,Castagna,ecastagna4j@dedecms.com,664465932,CARPINTERIA,4
414ea593-8910-4387-a712-c0176d5c266e,Madelaine,Killford,mkillford4k@chronoengine.com,630044137,INFORMATICA,2
6a3e902d-863d-4b95-9325-774442696a2f,Cordy,Spridgeon,cspridgeon4l@canalblog.com,686386102,INFORMATICA,5
6fa1df9c-fa51-4bf2-9bbb-eabac2fc3602,Roosevelt,Campagne,rcampagne4m@apache.org,680738445,CARPINTERIA,2
9664c773-05ac-427c-85ba-5f591dcf7e81,Dino,Irving,dirving4n@google.co.uk,698809200,INFORMATICA,4
b44378fa-9227-4c0a-8198-e79038464504,Nikolai,Aronoff,naronoff4o@arstechnica.com,641626041,CARPINTERIA,4
881360af-7c93-48e5-8d24-c712fa04ef31,Viola,Noddles,vnoddles4p@oakley.com,670195157,PINTURA,2
0cba3a87-bb5b-45ec-be0d-cd01a0f19afd,Woody,Banting,wbanting4q@tamu.edu,670597189,INFORMATICA,4
d62a818c-e751-4aa1-ac59-0f790bef630e,Kirbee,Filyaev,kfilyaev4r@behance.net,643182201,FONTANERIA,4
2d049e62-4bc1-473e-b7ca-d2fd1a30e533,Ninette,Metcalf,nmetcalf4s@telegraph.co.uk,653410686,FONTANERIA,2
e98e6132-e0aa-4e81-9fd4-e94f75d78970,Trude,Abby,tabby4t@pen.io,667621329,FONTANERIA,1
fd5c7e58-96be-4000-988d-65b2f1bd9541,Valery,Wreford,vwreford4u@ustream.tv,625365792,INFORMATICA,3
d2832095-1eee-4978-be39-57afcc062432,Elvis,Connors,econnors4v@oracle.com,645311488,ALBANILERIA,4
0a0f471e-2cf3-4178-9814-4f3778477fb8,Eirena,Bothram,ebothram4w@indiatimes.com,674218087,PINTURA,3
f93475a5-8c1a-4a7a-add5-819a22d1f3ae,Quinta,Thomerson,qthomerson4x@dailymotion.com,687460254,INFORMATICA,1
64c7b98f-e0ad-485a-828b-dd71d69d34c7,Sutherlan,Sprague,ssprague4y@msu.edu,629388982,ALBANILERIA,3
bf4e2918-7afd-45f1-9608-3898f411d6df,Juli,Smooth,jsmooth4z@ezinearticles.com,646266713,CARPINTERIA,2
f8df5034-27dc-4c10-a611-2190d2f5ac03,Mallory,Hofton,mhofton50@nsw.gov.au,664649646,ALBANILERIA,2
29ffd933-2b6c-400a-a0d4-21a13e695cbd,Shena,Hedge,shedge51@bigcartel.com,669402203,PINTURA,5
6768f23f-f2b8-44aa-8926-8d2a88c8baea,Anna-diane,Tizard,atizard52@chron.com,668280381,PINTURA,1
5a6f02f3-e1e7-4090-bcc5-80ba40f29131,Bernardine,Swiffin,bswiffin53@devhub.com,600619618,ALBANILERIA,5
f7cc479c-41b9-4cfc-a390-368c39f83fb9,Bendick,Chisnall,bchisnall54@amazon.co.uk,636403937,FONTANERIA,3
afef9846-4dd2-4f60-8795-b3f34078ccf6,Jonah,Epperson,jepperson55@i2i.jp,679752151,ALBANILERIA,2
5fcd7bb1-6f1d-4db1-aadd-033a2f062cb4,Godart,Skentelbery,gskentelbery56@indiegogo.com,610440152,INFORMATICA,5
a7ce958c-94c5-47cd-a7f1-f5893f4d937a,Niel,Terron,nterron57@va.gov,652017407,PINTURA,1
19af0486-4ff3-4f52-b7d8-f2f227bf7b5f,Tristan,Sowter,tsowter58@netscape.com,620656371,FONTANERIA,4
49c37d1d-67f3-45f9-9a12-0566525d71fe,Ervin,Dilon,edilon59@delicious.com,679379743,FONTANERIA,2
2f7acb23-2f77-4706-b673-2c91b591493c,Hamnet,Syvret,hsyvret5a@flickr.com,666737126,FONTANERIA,4
430210e7-a989-4a86-b07d-44c05bd4788e,Dean,Culleton,dculleton5b@noaa.gov,689449436,PINTURA,3
7db0b422-94ea-4edb-a6dc-7223dc1d7b99,Raina,Sneezem,rsneezem5c@jimdo.com,661057718,CARPINTERIA,4
dcb70fa7-1366-4a02-8808-5352d8e87944,Kym,Mabbott,kmabbott5d@miibeian.gov.cn,617687220,INFORMATICA,2
5580dbd1-d8f0-4f35-9aa6-eaac232667bd,Cristie,Mawford,cmawford5e@cbsnews.com,653827217,PINTURA,4
c6751a1d-913e-4dbd-8e59-91bc270b48c8,Leilah,Ogborne,logborne5f@people.com.cn,662488647,PINTURA,2
ce82ae71-0d51-4fb6-93b5-0a20eb5ba684,Ruthe,Lodwick,rlodwick5g@sphinn.com,685232722,CARPINTERIA,1
d07a6ed8-b3f5-4e14-b514-2fd358f7e74a,Margery,Finlayson,mfinlayson5h@hostgator.com,670843596,CARPINTERIA,1
936358ef-59a1-41a0-8903-f1d325e9a078,Quintilla,Abramovic,qabramovic5i@mysql.com,674814513,PINTURA,1
f417b8d9-5441-4bdb-86c9-cf597497a451,Kyrstin,Cagan,kcagan5j@youku.com,662635208,INFORMATICA,5
d31b5162-7951-42ae-9569-941eb283a25e,Cassy,Gaythor,cgaythor5k@dyndns.org,609982184,CARPINTERIA,1
69ef50a9-ae2b-45d1-aa86-c0d595a5ef68,Franz,Bampton,fbampton5l@netlog.com,693867148,INFORMATICA,4
9d950789-48ae-4332-a9a8-d61d02a93981,Fleurette,Bresnahan,fbresnahan5m@wunderground.com,691900349,PINTURA,1
261c82f1-8793-42f8-a019-d9cd72f06767,Isac,Goodinson,igoodinson5n@purevolume.com,612298407,ALBANILERIA,1
f82e426d-2a08-4262-8c8d-d77507b5d4b9,Luz,Moring,lmoring5o@youku.com,652537460,FONTANERIA,1
59a9c0f7-64df-4098-b1f3-7283b7d6945e,Rudolfo,Pullin,rpullin5p@hibu.com,640363509,PINTURA,5
a35a5ed2-13c1-4f1e-9414-d3d345eee679,Averyl,Bumpass,abumpass5q@sohu.com,696875703,FONTANERIA,4
603ebe3c-37b3-4715-b171-01222e2d5ea0,Loella,Ziehms,lziehms5r@reuters.com,667392278,PINTURA,5
1584adbd-c731-4f34-878e-6b62d22a04f9,Domini,Kays,dkays5s@hhs.gov,600032825,INFORMATICA,1
2c7dcc09-c945-448d-93a9-94272afd578b,Virgie,Hartup,vhartup5t@shareasale.com,623011933,ALBANILERIA,3
0e53082b-d063-4e42-b766-5c0477dfc857,Rachel,Martynikhin,rmartynikhin5u@businesswire.com,600749334,CARPINTERIA,2
ceffb77c-6ed3-4b50-8836-6bfc74c2b0c8,Tatiana,Demageard,tdemageard5v@hubpages.com,652975036,INFORMATICA,5
bc906d76-bdd7-4d4e-ad63-8d5d517219dc,Gwen,Pirrone,gpirrone5w@yolasite.com,637164661,FONTANERIA,1
7d67584f-59a7-44d9-8914-9bd44d77f3b8,Frederich,Feast,ffeast5x@ebay.co.uk,604338967,PINTURA,4
da820386-c2e9-469e-9a4f-a48af49a0ef4,Andriana,Deniset,adeniset5y@chicagotribune.com,610213417,INFORMATICA,5
c52447a9-b68e-402d-a956-c74cd28085fd,Phelia,MacCafferky,pmaccafferky5z@blogtalkradio.com,611384407,INFORMATICA,4
7586d569-3cbb-4d42-afa8-4175f248f793,Frederique,Pulster,fpulster60@pen.io,654006255,FONTANERIA,2
4644c70c-a70f-4086-bdc8-6d6bdb5c2e51,Muffin,Linch,mlinch61@ocn.ne.jp,685930180,INFORMATICA,5
ddef09ea-e457-4980-b194-3a483d28ead8,Marve,Bear,mbear62@shutterfly.com,644520731,CARPINTERIA,3
caeb23b2-594d-4283-8531-b5598bd23071,Marika,Elby,melby63@wikipedia.org,605970239,PINTURA,2
67ea2e12-fbf8-45f1-babf-e5db6a5cd4f5,Cheri,Linnane,clinnane64@weibo.com,662687897,ALBANILERIA,5
3b20f15b-b0bb-4ba2-bb63-2a764d370b6b,Elsa,Finkle,efinkle65@sitemeter.com,613651611,PINTURA,3
728303c8-2ad8-471f-bb33-574ffc7ab3e1,Milo,Grahamslaw,mgrahamslaw66@yale.edu,603320170,PINTURA,1
aff79d61-21f2-4c6e-84f7-45b479f1e86d,Teriann,Tuerena,ttuerena67@themeforest.net,635628720,FONTANERIA,2
d0a68c10-efe6-42c9-8f9c-ac31fe99f821,Maisey,Casson,mcasson68@amazon.de,611988741,ALBANILERIA,2
5365231d-953f-43aa-a644-9dfd0464885f,Aubrie,Grabert,agrabert69@mapquest.com,621084726,FONTANERIA,4
656f7f8b-6886-475f-9b42-b6cd91be0075,Trixie,Mersey,tmersey6a@google.it,655145573,PINTURA,5
1872d8eb-01eb-4606-a476-1103ad3f6156,Henderson,Verrell,hverrell6b@artisteer.com,652087454,CARPINTERIA,5
3626bfa3-9efc-478a-8f08-6d0f3b320218,Rudyard,Marklund,rmarklund6c@ucla.edu,613920578,PINTURA,5
dcb74e96-304b-4914-a29a-a44cfcfacf2b,Fran,Beniesh,fbeniesh6d@mlb.com,616354487,INFORMATICA,5
78ed157d-b24b-483f-8139-a2a8ffdfda8f,Alicea,Harriday,aharriday6e@webeden.co.uk,655453197,CARPINTERIA,3
abc21ef6-f74a-4cc4-b69f-6a85b6f6ecf1,Steffi,Daout,sdaout6f@free.fr,667288237,PINTURA,3
252c6866-1ee0-4948-b7f5-fc6ea132c72b,Peta,Gennings,pgennings6g@msn.com,605111718,CARPINTERIA,5
dfa21758-a6b9-4a99-b779-baeda4fed254,Stanislas,Orton,sorton6h@tumblr.com,659593924,INFORMATICA,1
80f7439a-029b-4cb5-be0d-692778f45b3a,Tanny,Delamere,tdelamere6i@edublogs.org,668278323,FONTANERIA,1
aa90c125-61bf-47e0-859a-445979b2b4a0,Jessi,Shrubb,jshrubb6j@angelfire.com,691264709,FONTANERIA,2
5be31d44-92a4-4eee-8d0a-800f33c553a6,Abran,Van Brug,avanbrug6k@cdbaby.com,641099816,FONTANERIA,3
793b3457-e815-46fc-9a37-e23f35bc15e3,Rosalie,Haversum,rhaversum6l@arstechnica.com,683459070,FONTANERIA,2
ed67ce0a-390d-42fb-b429-43d369ee8782,Elmo,Lawrenz,elawrenz6m@usatoday.com,664613316,CARPINTERIA,5
23cb62a6-f3d9-4955-9977-11cc77539250,Theadora,Matias,tmatias6n@google.es,632004248,ALBANILERIA,3
7587d63a-ac2b-4810-befb-7ae62625d2d9,Ardyce,McCoveney,amccoveney6o@usa.gov,652860116,FONTANERIA,1
bbde3173-344f-47b8-9810-b3c28ab2ba44,Faunie,Tredget,ftredget6p@youtube.com,627673445,INFORMATICA,1
dff556be-9423-487b-b1ff-d7fc5771146a,Lauren,Titcom,ltitcom6q@zimbio.com,626792353,FONTANERIA,3
93bd049b-b0f3-4acb-b96f-4a2c46b2bec5,Madeleine,Ventam,mventam6r@mapy.cz,674661301,FONTANERIA,3
85303db3-d048-48a2-845a-e5877f7ff75a,Amy,Henner,ahenner6s@liveinternet.ru,644608806,CARPINTERIA,2
ac8ef043-dae7-451b-9b86-84cf3f0fc6e9,Sammie,Kermeen,skermeen6t@wp.com,613401317,ALBANILERIA,5
8dd973ef-2c50-4a7d-b08c-e87585048719,Margarette,Maron,mmaron6u@twitter.com,658603162,FONTANERIA,1
965bffa4-5472-4a16-8b8e-556dbb542535,Pancho,McRoberts,pmcroberts6v@freewebs.com,643410502,ALBANILERIA,3
0686cdc3-0e4c-4baa-8a26-d84324a762d9,Gordy,Whittock,gwhittock6w@paginegialle.it,636709344,ALBANILERIA,5
39d9a894-ef69-4f01-98ae-30ff19fd8d64,Mel,Partridge,mpartridge6x@51.la,621621523,PINTURA,5
91fb856e-fdf8-44d9-bf0c-127949cca7b2,Bryanty,MacConnulty,bmacconnulty6y@ebay.co.uk,610271566,CARPINTERIA,4
16100271-1b33-48cb-8dfd-2018cf44e775,Rosene,Cahn,rcahn6z@arstechnica.com,659183223,FONTANERIA,4
8973cd70-1298-42cd-a493-2ed54cbd7668,Sharona,Manns,smanns70@businessweek.com,630437075,PINTURA,1
d65c9cbe-8057-4a17-b971-5c50c751eb62,Angus,Gabrieli,agabrieli71@bloglovin.com,676294578,PINTURA,5
a09b7342-cb15-4d73-91bd-1863730bf0d0,Lavinie,Grinin,lgrinin72@tiny.cc,633098419,PINTURA,3
ba094c2e-d1db-46ed-9350-175deb257eb8,Percy,Gapper,pgapper73@blogs.com,659633279,PINTURA,5
af44bf4d-a470-48c5-b56d-81b83c770e16,Dorelia,Ceney,dceney74@bigcartel.com,616389576,INFORMATICA,2
368f9d1f-bbaf-43c5-8ce6-ce36b7be9b77,Constantine,Sanchiz,csanchiz75@ameblo.jp,641762940,FONTANERIA,1
ed31f412-faad-4cb5-817b-c5f3258ccc5b,Obadiah,Falco,ofalco76@senate.gov,636562073,CARPINTERIA,2
136bb514-e43b-44f9-9982-9a5dc50c7c33,Brynna,Ravillas,bravillas77@umich.edu,643415017,CARPINTERIA,5
4f7b9db2-9206-4f46-8294-86f96b8c6874,Mallorie,Marshal,mmarshal78@rediff.com,661086794,ALBANILERIA,5
c01d8aa0-e76d-4fbb-b0cb-83b39d8a2a9d,Celinda,Trewhela,ctrewhela79@washingtonpost.com,609146685,PINTURA,1
6793a260-90b0-4f3f-82af-5d02f181bf5d,Leora,Adnett,ladnett7a@indiatimes.com,697177126,FONTANERIA,3
35facc0e-5f5c-4e8e-adde-29adc765874a,Lemmie,Ricard,lricard7b@opensource.org,651888502,ALBANILERIA,5
0ba48d5c-3f3d-43ef-98c3-adf3577f22ce,Herta,Hussy,hhussy7c@si.edu,681010561,ALBANILERIA,2
90744f1b-9468-4ea0-bd49-0a62574a35a5,Lincoln,Dubs,ldubs7d@weibo.com,668454088,PINTURA,5
bc6e24d5-6262-4c0b-8ef2-2e7239305024,Libbi,Vockings,lvockings7e@webnode.com,630020848,CARPINTERIA,4
255e4008-86a3-4f9f-b7d5-4f4e9a4e4ef5,Mora,Baudinot,mbaudinot7f@google.ca,684444012,FONTANERIA,1
9245db97-e73f-4abc-87ee-cc7a1fad09b2,Dallis,Bland,dbland7g@tuttocitta.it,602159102,FONTANERIA,3
6099a27d-1f63-467b-8455-79d05e7d58cd,Carrie,Tremayne,ctremayne7h@cisco.com,689823797,CARPINTERIA,4
6a22d6a3-58ba-4d8d-8b07-e2d2ae26ea38,Elsey,Tranter,etranter7i@aol.com,647434048,CARPINTERIA,4
3dd5e2b7-387f-4294-86f8-1b9789515fbc,Urbain,Bittlestone,ubittlestone7j@phpbb.com,648845883,ALBANILERIA,1
5850643f-e3b5-446b-9b2c-b22f8ec75f9d,Almeta,Hearsey,ahearsey7k@salon.com,672574630,INFORMATICA,2
00ee5b66-48a0-4108-9241-9c5a8de64d8e,Bourke,Wilcock,bwilcock7l@is.gd,674254296,CARPINTERIA,3
d0adf4fa-82f2-439f-b19e-1dc51374155b,Ebenezer,Meggison,emeggison7m@elpais.com,688612546,FONTANERIA,5
7fcfead2-c9f5-4370-8820-e92996a59161,Nisse,Wiffield,nwiffield7n@moonfruit.com,602196603,FONTANERIA,4
6d4b6af2-81b5-47c2-8676-44bac3e27ac7,Cthrine,Royson,croyson7o@merriam-webster.com,643880965,PINTURA,3
8f5049ca-b309-47a3-892d-8da5bc83fb26,Farley,Dellow,fdellow7p@mapy.cz,679451145,PINTURA,4
a8a69054-6b9c-41f8-90aa-cba4f84c4999,Glynn,Cattrell,gcattrell7q@sakura.ne.jp,602587395,ALBANILERIA,5
20db78a8-0ad8-49dc-8b32-b3618d8dcaf4,Herschel,Blakiston,hblakiston7r@samsung.com,607712759,FONTANERIA,4
94955fdb-3e46-451d-9077-badafb56b7f8,Kip,Nisbet,knisbet7s@uol.com.br,661503821,CARPINTERIA,1
5cb0e36a-74f5-449d-9555-5ec51fe7c237,Rozanne,Luxford,rluxford7t@nydailynews.com,629241574,INFORMATICA,3
98f23667-1578-4125-b330-3e180aa609fa,Henriette,McCulley,hmcculley7u@indiatimes.com,684501135,PINTURA,2
065d6465-f69c-4f33-90f6-e06925284f9b,Bartolemo,O'Flannery,boflannery7v@accuweather.com,615370520,CARPINTERIA,5
dcf138ce-2be6-48b2-8a9e-80031aa43e7a,Austin,Kubyszek,akubyszek7w@spotify.com,616871861,INFORMATICA,4
923db61f-8ba8-4d0f-a9e0-8b0681f9bf58,Cameron,Knoles,cknoles7x@fema.gov,607732447,ALBANILERIA,5
574bf3e4-e01c-4b44-bb65-3affa8323609,Bertina,Holdworth,bholdworth7y@china.com.cn,657124492,INFORMATICA,4
3094a832-bbf6-44da-8563-fa582ea2586e,Meryl,Beedon,mbeedon7z@squidoo.com,654523500,INFORMATICA,3
c64a54ac-bc40-4498-bd8d-8d6505ac2e7f,Vernor,Lohrensen,vlohrensen80@whitehouse.gov,685656031,FONTANERIA,3
99514173-a038-4975-9ae9-604617688411,Urbanus,Giacobazzi,ugiacobazzi81@mayoclinic.com,686525048,CARPINTERIA,1
a33c7f82-3b42-44ba-a5ee-8677bb682d42,Orbadiah,Waplington,owaplington82@icq.com,656132693,FONTANERIA,4
49cf2267-835a-40d9-9c24-b8d7c31c9dd0,Carrol,Burgane,cburgane83@moonfruit.com,697685535,PINTURA,5
cbf6a178-f2c6-4a08-ac35-695974a32d88,Sukey,Bearn,sbearn84@wisc.edu,611116595,ALBANILERIA,1
e4af2f8e-02e0-4280-b176-b61d6d48127e,Sheffie,Oehme,soehme85@com.com,688828322,FONTANERIA,3
56fe66a9-75b4-43ad-88ec-abcacd82dfa4,Katrina,Langer,klanger86@google.co.jp,604295576,PINTURA,4
84c5f02f-a679-4b66-b697-b55674a2db39,Umberto,Dohr,udohr87@bbb.org,694231517,CARPINTERIA,4
d5b57555-8d93-47ba-b788-373d69910798,Obediah,Pawellek,opawellek88@naver.com,691643965,ALBANILERIA,4
d4a4a228-e594-41fe-a03f-02e0ba4c9730,Caresse,Snowding,csnowding89@webnode.com,667964530,INFORMATICA,3
34561727-701d-417c-a684-5ec874c96636,Reagan,McRorie,rmcrorie8a@weibo.com,611487478,ALBANILERIA,2
8156bda2-d3e0-43ee-b5aa-d1434d6d84e3,Darci,Mountjoy,dmountjoy8b@sourceforge.net,670959620,PINTURA,3
09010f8d-497e-44bf-8e68-8cf882ac92e2,Star,M'Chirrie,smchirrie8c@ameblo.jp,606205427,CARPINTERIA,3
bc1d086c-0054-431c-bc10-01fa4ce6a39d,Edward,Livett,elivett8d@jugem.jp,607422927,INFORMATICA,3
04d5fa9d-99fa-4179-9607-c37f4726d835,Reggie,Storck,rstorck8e@blogs.com,637711876,INFORMATICA,4
2ced9449-ba16-4680-b647-0506ea7e8e75,Avis,Gerrit,agerrit8f@washingtonpost.com,616663602,FONTANERIA,1
b6a1700e-350f-49ea-aa31-2d398b87325b,Rustie,Sackes,rsackes8g@hud.gov,680517444,ALBANILERIA,2
0a3d1528-dd87-466a-8046-b5fda8d67b7f,Sande,Mimmack,smimmack8h@homestead.com,697807207,FONTANERIA,4
b3bf9307-aa31-4cfe-a52a-7cc3452c40ff,Emalia,Bennedsen,ebennedsen8i@answers.com,667682743,INFORMATICA,4
0aed5d04-5d4c-4aa5-8ab1-7c7216758a99,Gayle,Ogley,gogley8j@ca.gov,651872688,INFORMATICA,3
a10d6de7-84de-4f06-8158-baccb367bb24,Diarmid,Dederich,ddederich8k@51.la,639375861,INFORMATICA,4
a1248913-68d5-4184-9a86-3f8c71651903,Herman,Pennini,hpennini8l@cbslocal.com,660867381,FONTANERIA,2
0adc6e9b-d142-44a4-a915-b01efe3523e7,Cyril,Chicco,cchicco8m@google.co.jp,665344831,CARPINTERIA,2
ff57d5e9-c5c3-42fa-89f3-f7b4acaf1a1c,Lesly,Antonutti,lantonutti8n@wisc.edu,668694310,FONTANERIA,1
2817ef24-28a1-4b09-9135-2d6a34ea7bfd,Lacey,Ickovicz,lickovicz8o@businesswire.com,631384059,ALBANILERIA,5
649ad446-3da0-4a70-bdf9-4b3e302c211f,Angelle,Klas,aklas8p@answers.com,660464465,CARPINTERIA,4
ee96b83b-38c9-41e3-bbab-8eac17062ade,Reeba,Ishak,rishak8q@oaic.gov.au,659076691,PINTURA,3
904186cf-5987-40bf-b11b-260d75981873,Humberto,Sima,hsima8r@sakura.ne.jp,660866227,CARPINTERIA,2
669c924a-1140-43dc-b65f-3a552b4b91f0,Alisa,Conaghy,aconaghy8s@pinterest.com,628154066,PINTURA,1
df410673-0120-440d-994c-42f221f5b322,Ruy,Dugdale,rdugdale8t@vistaprint.com,656224905,CARPINTERIA,3
0644397f-6cd6-44d6-b846-a6202ef03e35,Maria,Torr,mtorr8u@ifeng.com,629757247,PINTURA,5
b19552b4-b1a1-4093-be9c-2b50d9275f33,Trescha,Hovenden,thovenden8v@cbc.ca,695335444,ALBANILERIA,3
bbdbcacb-8bf6-4de6-8163-205d54462a70,Basile,Bollans,bbollans8w@blogtalkradio.com,617543732,ALBANILERIA,2
299ffe92-4360-44bc-8bcf-3174f23bf1a8,Alejandro,Baughan,abaughan8x@yellowbook.com,681633972,ALBANILERIA,5
0dcc26d3-d896-4dd4-872f-d4f1f772da0a,Evangeline,Peddowe,epeddowe8y@t.co,641505553,PINTURA,2
a91314f1-446b-4844-b637-a823039522b7,Dino,Cruikshanks,dcruikshanks8z@google.fr,665818190,PINTURA,2
d8744302-183c-40d7-98b4-4f7de925be33,Sybila,Trevett,strevett90@uiuc.edu,603240156,INFORMATICA,2
e1c5b7d5-0002-4f51-ab77-30915dc3592b,Fidel,Zupa,fzupa91@edublogs.org,659924306,ALBANILERIA,4
b1ba5dd8-224e-47ff-a0c6-e94a9154554b,Hayward,Wrotham,hwrotham92@si.edu,643805204,CARPINTERIA,4
f5ff3315-20b8-4dc9-b8f4-bab70a23e567,Herman,Neagle,hneagle93@about.me,675245707,FONTANERIA,4
a49921ab-3470-468c-b7d4-06d16e25d154,Pansie,Sauter,psauter94@zdnet.com,605841636,FONTANERIA,4
382ec5de-068c-4fa1-96f1-bea3871ac5dd,Angelle,Ganning,aganning95@exblog.jp,693869331,FONTANERIA,4
1b487c88-f6a6-4b75-ac27-02f2434aa24d,Eran,Aspel,easpel96@icio.us,655958233,INFORMATICA,5
46aedabf-81de-497e-a4d6-fa902edf8d82,Albrecht,Kenrick,akenrick97@cdc.gov,681714041,CARPINTERIA,1
a9174e38-c00a-404c-9a29-65a0af49069f,Ailsun,Noonan,anoonan98@taobao.com,607841638,INFORMATICA,2
f1b5abbf-4d25-40ef-948e-6a7842b1173d,Annabelle,Guilayn,aguilayn99@google.com,600434571,INFORMATICA,4
d133db52-3880-4045-b432-f7ef3653062c,Demeter,Canada,dcanada9a@sina.com.cn,648149046,ALBANILERIA,2
24480b21-dc75-40b5-9d5a-f04d74349b40,Duffie,Sanz,dsanz9b@hao123.com,668307212,INFORMATICA,5
754006c8-eb5f-4cb4-900b-a7cd9e370089,Elna,Ransley,eransley9c@virginia.edu,612276025,ALBANILERIA,4
808bdca5-dd6d-4805-8ac7-0f870a45328a,Darren,Lavallie,dlavallie9d@shop-pro.jp,672856440,FONTANERIA,5
e7a5384b-9e3a-44e9-926c-2233a56ce184,Daphene,Player,dplayer9e@cocolog-nifty.com,645124095,PINTURA,2
5f195121-0ed6-4875-979c-6305f5b3a50a,Joan,Peartree,jpeartree9f@sitemeter.com,660137306,CARPINTERIA,2
1f4df985-b909-474c-8b9f-2572a30d6761,Rabbi,Crosskill,rcrosskill9g@merriam-webster.com,699229475,CARPINTERIA,2
7bf21af9-cc38-406f-8fe2-a76c43c96138,Menard,Lenton,mlenton9h@sciencedaily.com,651463433,CARPINTERIA,4
42cdff58-3dd0-4279-a2b2-4e92334cdf1a,Jordan,Ginn,jginn9i@merriam-webster.com,699477232,PINTURA,2
e90b02a2-0faf-41e1-973b-de826ad84450,Karim,Vipan,kvipan9j@squarespace.com,603271381,FONTANERIA,4
27e77d92-c554-40ef-a1f5-de1fc48a931d,Renae,Dyott,rdyott9k@businesswire.com,692716946,FONTANERIA,1
ecb8fb71-888f-422b-ab22-e3bec38fb189,Armando,Jorin,ajorin9l@ning.com,676580150,CARPINTERIA,4
45f664bc-538a-489e-b899-42a97aa6f6c3,Hatty,Renad,hrenad9m@netlog.com,633026240,FONTANERIA,4
b274f70b-301f-4fb1-8052-2ada5034df38,Shari,Steers,ssteers9n@constantcontact.com,601837910,PINTURA,5
05608fed-0016-4915-9b19-32b2437d8a37,Kendra,Kettles,kkettles9o@jiathis.com,648141423,FONTANERIA,1
8907eebc-7be2-4b78-bd17-ec5421dc8734,Twila,Dowgill,tdowgill9p@360.cn,614685208,PINTURA,1
411b1cef-c4ee-4ee6-8caf-458730b147c3,Marga,Palk,mpalk9q@kickstarter.com,654702895,CARPINTERIA,4
9ebb2b71-0b43-4efe-9aae-38c85a03ccb0,Amata,Cortez,acortez9r@networksolutions.com,662237634,FONTANERIA,1
9bb4e871-5318-4032-baee-aafebd8b895f,Barrie,Bucknell,bbucknell9s@ask.com,620847581,INFORMATICA,2
92dd5573-e6e2-4577-a578-c984cf7fd3c6,Ruthanne,Gooley,rgooley9t@sohu.com,696270123,CARPINTERIA,3
7df85f5e-4e75-4da4-bfa9-7388e73d4f04,Felic,Morefield,fmorefield9u@nasa.gov,643466559,INFORMATICA,2
21fabab5-3e9b-4e47-b425-06294c2ae270,Jeremias,Stelfax,jstelfax9v@usatoday.com,613393648,ALBANILERIA,4
65beaf6c-2254-4896-aa22-fd74952d79b5,Alecia,Pittendreigh,apittendreigh9w@cpanel.net,648446880,FONTANERIA,5
78b34d59-0394-41c7-a284-c9fba031f5e9,Jacquenetta,Cossons,jcossons9x@prweb.com,612028451,INFORMATICA,1
5c7d62c4-f66f-4b46-bb8c-b1537540faa3,Pia,Hubane,phubane9y@imageshack.us,653487007,FONTANERIA,1
dbf8c505-7ab2-4ee1-932b-275c7bbbe7ac,Daune,Maryan,dmaryan9z@unicef.org,663770325,PINTURA,2
999d49ac-b47e-4f00-983b-a37056c99134,Marylin,Clac,mclaca0@mashable.com,698917134,CARPINTERIA,1
8460c099-176d-4955-8440-7ca6a1e23c49,Viviana,Fleckno,vflecknoa1@dailymotion.com,666170731,CARPINTERIA,2
58edb4d0-40ec-4e78-949f-ef9639f8040c,Emmet,Hunston,ehunstona2@amazon.co.jp,643330908,PINTURA,3
f54f5f98-cd63-4db2-8e86-632a8c4a3f1b,Nevil,Tuffrey,ntuffreya3@networkadvertising.org,656460063,ALBANILERIA,2
5b3fefd7-0b39-48fb-b04a-dbd593059b8b,Herve,Leyton,hleytona4@studiopress.com,626762106,CARPINTERIA,4
95d58a92-96e4-4aa1-977c-703652210690,Ferrel,Jerrans,fjerransa5@google.es,685014601,FONTANERIA,3
5df640fd-db9b-424e-a903-fc118a322425,Edmon,Holttom,eholttoma6@oakley.com,606059146,FONTANERIA,4
73d2ac8a-8905-4471-b44f-fe46146e7342,Robyn,Trudgian,rtrudgiana7@histats.com,600185843,ALBANILERIA,5
2b7ff5d9-1145-4b0b-a52f-87775124adca,Baily,Pottes,bpottesa8@seattletimes.com,662169387,PINTURA,4
70dcd8b4-862a-4c85-85ac-2848100b0ccb,Lacey,Ickov,lickova9@github.com,630425404,ALBANILERIA,4
da3c2951-8b69-478f-92bd-6795dc494bb5,Hymie,Mc Pake,hmcpakeaa@wp.com,696217674,INFORMATICA,3
e4a56923-649c-4642-a0f1-85af852e3e45,Valry,Bidder,vbidderab@hibu.com,621244756,PINTURA,4
e7ee2a9f-801a-4215-9589-ab250b1ce8b3,Hymie,Clague,hclagueac@blogger.com,647877222,CARPINTERIA,3
35b14dda-d7c1-489b-b8a9-52101cd8ccb3,Meg,Lorain,mlorainad@furl.net,644337363,INFORMATICA,3
957e4359-8d1b-4bda-99d7-420f813afecc,Mandel,Jeanin,mjeaninae@ucsd.edu,607789771,FONTANERIA,5
318d16a6-6e55-438e-93ad-c6750155c57e,Rori,Mettricke,rmettrickeaf@harvard.edu,605084302,ALBANILERIA,5
759819c6-7d10-4a01-922f-4fe9011d8fdf,Inna,Gookey,igookeyag@meetup.com,653032502,CARPINTERIA,2
2881a9e3-5cf2-4280-96bf-15f3101836d0,Yehudit,Rankmore,yrankmoreah@hostgator.com,641581195,CARPINTERIA,2
6d8d68c9-9e4b-493b-93f8-d3676b77900d,Shawnee,Tures,sturesai@bizjournals.com,677743356,CARPINTERIA,3
d08b907e-6a7e-4685-84d5-9a7a953b36e3,Amaleta,Luxmoore,aluxmooreaj@wiley.com,664055763,ALBANILERIA,4
5efeacf9-2a80-40c3-add3-41885e7fecc4,Shamus,Minker,sminkerak@soup.io,677279711,INFORMATICA,2
6335f615-3c23-44b8-b164-73e43275a236,Wynne,Theis,wtheisal@mapquest.com,671099684,CARPINTERIA,2
6c4440c4-243f-4914-923a-2c11fccd78ca,Harald,Kem,hkemam@ifeng.com,693567082,PINTURA,1
aef88ba7-e8ec-4bae-a9c0-d6a77c5346f8,Laney,Quartly,lquartlyan@paginegialle.it,664863516,CARPINTERIA,2
11313569-5932-4b13-b800-f8d452455b83,Stacie,Petrol,spetrolao@businessweek.com,663665997,CARPINTERIA,5
b88cdae0-3742-432b-baca-87e6693f5026,Shoshana,Stovine,sstovineap@multiply.com,609038946,ALBANILERIA,1
69313543-e619-4b6c-96f1-fa3e42c9b6f9,Aundrea,Radki,aradkiaq@oracle.com,608848480,PINTURA,5
c2b07199-c330-48f0-9593-d2c1ebb6808c,Bjorn,Richardson,brichardsonar@wikipedia.org,662153304,INFORMATICA,2
05856661-57ac-4e79-b3ac-d5b01bf5965a,Molli,Blenkinsopp,mblenkinsoppas@acquirethisname.com,677546903,PINTURA,4
2259c86b-5915-453d-b475-bdae42300828,Glenden,Carabet,gcarabetat@indiatimes.com,632834897,ALBANILERIA,1
0a4fa375-0a8b-456f-8dbc-b83f4fcd2a1c,Noel,Meachem,nmeachemau@bing.com,679864378,INFORMATICA,1
ba2c72a2-0d12-43bc-b26a-de4b9b3487ab,Jaime,Meekings,jmeekingsav@blogtalkradio.com,655684783,FONTANERIA,1
f888f2fb-7fe1-4ce0-89f8-2162a08fccf4,Ewen,Stoakes,estoakesaw@simplemachines.org,624157943,PINTURA,3
e3add494-5154-4d22-af4d-dbc9e27621cf,Blinni,Agass,bagassax@marriott.com,642091364,FONTANERIA,2
514ada01-edcc-44c5-972c-2b4dace9d562,Willa,Prendiville,wprendivilleay@cam.ac.uk,670854511,INFORMATICA,1
12997fb4-8464-4b21-ab6a-86e6aaeba734,Malory,Johansson,mjohanssonaz@columbia.edu,621661830,FONTANERIA,4
2ecdd90c-0432-4327-82e4-79faa69f4b80,Libbie,Pitcher,lpitcherb0@jigsy.com,624437800,INFORMATICA,4
7f69982b-4a33-4fa2-8e07-a6209925861d,Mignonne,Bassindale,mbassindaleb1@1688.com,641179879,PINTURA,4
dcd649be-75dc-4704-805f-ee8f58af814d,Dennison,Blastock,dblastockb2@discovery.com,690370335,PINTURA,5
8aad4364-6102-4da1-a256-297bb6faf903,John,Brauninger,jbrauningerb3@dagondesign.com,657689584,PINTURA,4
229939ab-4ab2-40f1-9f20-1b255e6abe1f,Willie,Norfolk,wnorfolkb4@joomla.org,694973071,FONTANERIA,5
0eb02729-6ac1-407e-b31e-0bba960b09c0,Curtice,Grinyakin,cgrinyakinb5@si.edu,644536018,FONTANERIA,1
472ca357-989f-4295-86e5-b2219bcc6c2a,Merrie,Swyer-Sexey,mswyersexeyb6@nba.com,601139422,ALBANILERIA,1
0331fbc7-c778-4ae6-abc0-1d2888a839ed,Bryn,Tissier,btissierb7@histats.com,648079619,FONTANERIA,1
7571585a-720f-4665-bb92-d6f675d0ca83,Theresina,MacCrachen,tmaccrachenb8@army.mil,640278828,CARPINTERIA,5
6b4c3e1f-5411-4a29-a0d1-3e8670fdbad6,Malissa,Strang,mstrangb9@netvibes.com,659678565,ALBANILERIA,1
9cb05f07-8fbf-497d-8734-34dc8123bc1f,Melamie,Jurzyk,mjurzykba@merriam-webster.com,632351373,INFORMATICA,1
b4723fbb-5438-4086-bf20-ea80765556bf,Homere,Feltoe,hfeltoebb@creativecommons.org,650463470,FONTANERIA,1
86ac887a-e09d-46dc-b070-eb21c2af9523,Rochella,Loudon,rloudonbc@rediff.com,666757241,PINTURA,1
eecf55b0-cfe8-4635-8285-e07ace0d855c,Moina,Arlott,marlottbd@alexa.com,617377506,ALBANILERIA,5
15c9dea3-24ec-4598-b223-754d0b8a23af,Urbanus,Lasslett,ulasslettbe@virginia.edu,655607918,ALBANILERIA,4
0990f0ea-d863-4b65-9fbc-bd83b554359d,Giraud,Mapplethorpe,gmapplethorpebf@php.net,671096599,INFORMATICA,4
23ae0334-0f19-4b2e-ac46-2ed33db103b9,Lenard,Rodenborch,lrodenborchbg@moonfruit.com,664680268,CARPINTERIA,1
46412f6a-0eb6-413a-9a19-c4ded61f55b2,Gretta,Dracey,gdraceybh@sogou.com,667788951,FONTANERIA,3
220b9082-0c84-44be-af4b-a5dfd99fec2d,Ikey,Coatts,icoattsbi@whitehouse.gov,665187047,ALBANILERIA,2
a82d73fc-43a0-4036-996e-4f601f94784f,Zedekiah,Giacomini,zgiacominibj@usgs.gov,618646572,ALBANILERIA,5
805390c8-4583-4924-8295-4bf788bfacc2,Man,Fiddian,mfiddianbk@bloglovin.com,604261534,CARPINTERIA,5
d181ca62-87e2-4e96-8f0e-67f6b185fb5f,Christiano,Pheazey,cpheazeybl@ow.ly,676786754,INFORMATICA,2
142fa66e-bfa4-41fe-80cc-6ba9c630e420,Lamont,Royce,lroycebm@samsung.com,638153350,CARPINTERIA,1
f68ba151-3c03-4540-9993-901e546bf310,Wyatan,Isbell,wisbellbn@dot.gov,654230063,PINTURA,3
781bb02d-e403-46ca-b520-025dc34a856d,Marti,Hazeup,mhazeupbo@independent.co.uk,609555620,PINTURA,2
0f667e0a-f6af-49d3-959e-86e0c35204c4,Daron,Gosnell,dgosnellbp@thetimes.co.uk,610888907,ALBANILERIA,2
a500085a-6ae0-4af5-a9e0-19ff0bf2c481,Lyn,Venneur,lvenneurbq@oracle.com,616647642,CARPINTERIA,3
b28c84ce-4173-4b20-8ec9-15ea4895bae5,Felicdad,Mateev,fmateevbr@tiny.cc,684424434,FONTANERIA,1
7ee2d64e-5826-41eb-8ed1-db518ba67dd2,Devora,Kennan,dkennanbs@ehow.com,679144847,FONTANERIA,5
28e02990-ab6c-43bd-b799-e1315b0d6d08,Christabella,Biskup,cbiskupbt@statcounter.com,656267722,ALBANILERIA,1
0df71ee6-63f1-422d-9e50-643d199a81af,Trula,Champkins,tchampkinsbu@msn.com,661570674,PINTURA,3
7da65ace-df6a-4896-9e7a-cf2853303d2a,Padraig,Ivins,pivinsbv@auda.org.au,600329793,ALBANILERIA,4
8d60ea58-44b1-4202-8925-1f02e2aa21c2,Lisle,Alsford,lalsfordbw@ibm.com,694920726,FONTANERIA,3
ff7c8126-f8a4-4aa5-af5c-7bc53b971f92,Haslett,Falkous,hfalkousbx@salon.com,609934891,CARPINTERIA,2
2f208c76-b0a8-4d93-a696-50b176094c31,Leontyne,Ainsbury,lainsburyby@ucoz.com,660570803,PINTURA,4
fe62393d-6212-4786-940c-576f87c3bda7,Liam,Aslett,laslettbz@live.com,615769420,CARPINTERIA,2
df9cffa2-920e-43aa-95e1-8e22ba1e0d17,Othello,Inkpen,oinkpenc0@hud.gov,678480778,CARPINTERIA,2
bcae7e7a-a38e-4487-a161-14b79ff44bbd,Daphene,McJarrow,dmcjarrowc1@taobao.com,680514067,CARPINTERIA,5
5357b86e-102e-4979-8abb-e31fde7ffc6f,Vinnie,Doxsey,vdoxseyc2@prlog.org,642853808,FONTANERIA,4
43efb0c5-3f15-4490-bc1a-4ce69ceee34e,Amandi,Bickmore,abickmorec3@virginia.edu,656535911,INFORMATICA,1
27841e68-dced-425b-9d54-987f6700ca40,Anastassia,Romagosa,aromagosac4@vimeo.com,621638160,ALBANILERIA,4
5336c3e7-58d4-46d3-ac3b-b1d36a4a8167,Tades,Slocket,tslocketc5@ibm.com,676070784,CARPINTERIA,4
9893f3e6-9edc-4bd7-adde-ba348480521b,Penny,Petrushanko,ppetrushankoc6@i2i.jp,648387369,CARPINTERIA,4
412a1192-461e-4669-bf62-7dacd93977ae,Patrice,Newitt,pnewittc7@mlb.com,695726516,INFORMATICA,3
b037349b-abc4-428e-ba9b-db5f02e6942d,Ebony,Huxstep,ehuxstepc8@ucoz.com,652941527,CARPINTERIA,4
e905a16a-079f-4a46-a8fd-11870bfb8ccc,Konstantine,Tieman,ktiemanc9@smugmug.com,681176347,PINTURA,2
743e5e88-4d64-4394-96eb-fc6e8101684a,Keary,Steggals,ksteggalsca@privacy.gov.au,692513869,PINTURA,1
27ac53de-56b2-4865-afdd-0d546681f767,Karolina,Lammiman,klammimancb@fda.gov,603208849,ALBANILERIA,2
36c308ba-2d3c-4577-b9c6-93767ed70dd6,Nicolea,Duding,ndudingcc@mayoclinic.com,642005276,PINTURA,1
cd3dc47d-6e84-45b5-a6e6-bac40af6bf5b,Krystalle,Franchi,kfranchicd@wisc.edu,623344149,INFORMATICA,2
7619ee5a-2076-4274-86b5-6cf948e81d62,Laetitia,Rishworth,lrishworthce@samsung.com,625300669,FONTANERIA,2
0306ab8b-73a9-4d45-9738-a73cac12971c,Anni,Chance,achancecf@google.com,678949143,PINTURA,1
9a6c0edc-7b59-497b-9924-c2233dbcef7f,Cami,O'Geaney,cogeaneycg@elpais.com,697822781,ALBANILERIA,3
2d9c1be4-e743-4663-ad97-b93f394062b0,Stepha,Ishchenko,sishchenkoch@drupal.org,605544542,CARPINTERIA,4
647819be-466d-4a04-93ce-5bad4660a497,Davide,Domney,ddomneyci@slashdot.org,649597745,ALBANILERIA,3
824473a3-2bbb-40a9-b145-7252a9a6614f,Tana,Picard,tpicardcj@amazon.co.uk,640889765,PINTURA,1
0f925ace-2eee-40d2-9971-38c5eed879a3,Hugh,Ambroisin,hambroisinck@chron.com,639194626,FONTANERIA,2
dc7d46d9-7e8a-47fc-949b-6970595bf360,Rutger,Macoun,rmacouncl@discuz.net,612570648,CARPINTERIA,3
17298ae3-bce9-4a81-b49e-a2ffa6dccf97,Bondy,Gravy,bgravycm@gizmodo.com,601679070,INFORMATICA,1
8b3b7a78-6e43-4e7e-a7a9-6df1d3aa7b8f,Shaine,Riccardelli,sriccardellicn@domainmarket.com,622313958,INFORMATICA,1
b762f9be-d6a1-4d54-9a43-451820d9bceb,Abelard,Handrek,ahandrekco@addthis.com,651869913,CARPINTERIA,1
0a625253-3a4c-4c7d-8759-5c4f30421459,Philippe,Hans,phanscp@cmu.edu,672698545,INFORMATICA,5
7c76a9bb-2efe-4aaf-8c28-0749360f0614,Julietta,Titley,jtitleycq@themeforest.net,614624661,PINTURA,2
4637cc03-43fb-4b15-b814-662d033a9b68,Deva,Kubiak,dkubiakcr@ibm.com,699690337,CARPINTERIA,4
03320353-951f-4a2f-bc2d-34412a63f633,Ines,Galland,igallandcs@com.com,626182770,FONTANERIA,3
a2c2a5e5-95f0-4ee2-977d-18b8740c83d6,Berta,Turgoose,bturgoosect@tripod.com,686592503,FONTANERIA,4
3008f6f4-ed8b-4189-944f-dbb708cc3e35,Gavan,Hassent,ghassentcu@youku.com,675251657,FONTANERIA,1
896182c5-c8e9-4bcf-99e3-fde504839db3,Ive,Popescu,ipopescucv@flickr.com,604593558,FONTANERIA,3
fc10f5b9-d025-4571-993a-8a510434e2fc,Hymie,Tilbury,htilburycw@wufoo.com,663189461,INFORMATICA,3
8f01e0ed-8d82-4c36-ad87-b7cf97634a27,Jory,Kleinpeltz,jkleinpeltzcx@tuttocitta.it,613649212,CARPINTERIA,1
9e36f1f9-4db5-4696-92a0-341e814a378f,Konrad,Giacomuzzo,kgiacomuzzocy@people.com.cn,691601045,PINTURA,3
585ac2c4-3d43-4d21-a66e-0decea5e87ce,Klement,Shirlaw,kshirlawcz@rakuten.co.jp,633543981,ALBANILERIA,3
133de8d4-660e-4714-8d04-bb5f28f1dc31,Marleen,Eneas,meneasd0@cloudflare.com,629890954,ALBANILERIA,4
415bfc35-6d95-4661-b636-ff8fdfe5c120,Maury,Gowthrop,mgowthropd1@nyu.edu,604668110,CARPINTERIA,3
d6919b3b-f648-450b-ba71-0e6767477eb2,Aubrie,Galier,agalierd2@foxnews.com,610233844,ALBANILERIA,5
f6091a6b-3522-4da2-ba35-1ae3d95a4524,Sandra,Perrat,sperratd3@stumbleupon.com,624245965,ALBANILERIA,3
4638a16b-2809-4cc3-8b95-c8fed29df5b6,Kala,Tilbury,ktilburyd4@hubpages.com,668415716,FONTANERIA,2
f1ccf055-3ee9-494d-b4c4-8d57e8feb79d,Rikki,Ashwell,rashwelld5@bbc.co.uk,631766601,ALBANILERIA,2
f1cd2175-f3b2-42a8-90dd-550d0a0bd8df,Tania,Allsupp,tallsuppd6@pen.io,675532269,ALBANILERIA,1
13731f1a-b17d-4ba7-8bda-411daa9fbd85,Janice,Drohun,jdrohund7@chicagotribune.com,623451166,ALBANILERIA,2
cfa8cda6-08c8-4f8e-9909-48ce3ad3016c,Quint,Byk,qbykd8@stumbleupon.com,653187478,ALBANILERIA,4
ed1c5756-d7cc-4eb7-b5b6-baac5264d0b5,Parker,Pippard,ppippardd9@instagram.com,659075260,CARPINTERIA,4
86b62368-3726-4e4b-8637-2315fbb0cd2d,Enriqueta,Amiable,eamiableda@xinhuanet.com,695084694,CARPINTERIA,4
de1ba545-8dc3-4762-ad39-9a5fc61f2993,Amos,Gumme,agummedb@geocities.jp,680302768,CARPINTERIA,4
86aeb868-51e5-4bd1-8ba6-99009df5afce,Josefina,Frandsen,jfrandsendc@umich.edu,608572862,FONTANERIA,2
36b20911-fcbc-4d42-bdcf-1a756acda43d,Bev,Bickers,bbickersdd@bigcartel.com,613839300,INFORMATICA,4
6b0ddf45-5244-4a5e-95ab-f62b5306ff3f,Dulcinea,Sutton,dsuttonde@adobe.com,641062294,CARPINTERIA,3
17d2bb07-1614-4e21-96b0-cdc174d10cc1,Preston,Newvill,pnewvilldf@mlb.com,665166561,FONTANERIA,1
dd2f87cf-25c3-4f16-83fa-7ad58f934a2f,Claire,Blakeway,cblakewaydg@flickr.com,614894373,PINTURA,2
4e472606-282e-4b2d-8699-b24d1b3f98f0,Welbie,Dashwood,wdashwooddh@zimbio.com,618380927,PINTURA,3
d547a3f2-01db-4b1c-83af-7187a6f7bb08,Helyn,Beri,hberidi@huffingtonpost.com,672181853,ALBANILERIA,1
8c5a4ced-5bd5-41ee-83eb-fa9cbd3ae7e4,Kissee,Parvin,kparvindj@bigcartel.com,600802047,FONTANERIA,2
e17407dc-8b8d-46a7-855d-0421f9a4eb55,Agna,Alcock,aalcockdk@pen.io,626381203,CARPINTERIA,3
9a0ee7ac-f6a9-4bce-a45e-b708d3866e8f,Hermia,Francklin,hfrancklindl@so-net.ne.jp,688203740,CARPINTERIA,3
a9667e5d-cffb-4d94-b4ad-53c52e18bb2a,Orly,Peachment,opeachmentdm@twitter.com,600772019,PINTURA,2
6accd969-23b5-4dd9-b85e-6a4b9ea7de94,Dewey,Lucas,dlucasdn@i2i.jp,699556095,CARPINTERIA,2
85c06dba-1d1a-4bf9-87b5-58c2ee1da772,Anthiathia,Swetenham,aswetenhamdo@fastcompany.com,606624253,FONTANERIA,1
db3dfa9f-e2b5-4fa7-9fa7-cbaf31b4f741,Lucita,Gallier,lgallierdp@virginia.edu,659262985,FONTANERIA,4
14a5c60a-0e5f-4e38-a09b-04895cdb8521,Faustina,Durnall,fdurnalldq@columbia.edu,608267915,CARPINTERIA,5
1e1d34dc-ef55-48c1-9fd5-698d8dd999e8,Hurleigh,Mongeot,hmongeotdr@live.com,659695062,FONTANERIA,5
0b63beb3-8cc4-4772-a3d1-14a7a5398aaa,Silvana,Seathwright,sseathwrightds@usgs.gov,691366730,FONTANERIA,1
25ef6897-538a-4300-822b-c967d0e10674,Eduardo,MacGettigen,emacgettigendt@home.pl,615142460,CARPINTERIA,4
4726cce2-9b14-49e4-b596-1375b47acde2,Phil,Siebert,psiebertdu@zdnet.com,680317156,PINTURA,4
7d7bc5e7-6c53-4066-aba1-a77e2ec6b1e1,Cirillo,Giberd,cgiberddv@mozilla.com,646602701,CARPINTERIA,4
